climate_band,count,mean,std
cool,2,66.75,9.545941546018392
hot,2,36.0,1.131370849898472
normal,7,73.75714285714285,13.81157209768402
