climate_band,count,mean,std
cool,2,1985.0,685.8935777509511
hot,3,2730.0,295.1270912674741
normal,27,2443.3333333333335,446.5853351135274
