climate_band,count,mean,std
cool,13,111.08076923076922,91.1846056508022
hot,15,56.62,50.61769806246485
normal,91,71.95604395604396,66.81475129671956
