climate_band,count,mean,std
cool,5,1631.5,131.8872624630597
hot,7,1535.642857142857,216.62000413275823
normal,57,1580.701754385965,243.78136903734935
