climate_band,count,mean,std
cool,7,8535.714285714286,529.5550693068393
hot,7,8582.857142857143,700.1122359001755
normal,39,8528.205128205129,733.4484942088438
