climate_band,count,mean,std
cool,14,43.86928571428571,7.916235958979607
hot,17,51.15941176470589,5.038991057975093
normal,102,48.9885294117647,5.634277237958379
