climate_band,count,mean,std
cool,12,90.14999999999999,19.083286356962162
hot,11,87.85454545454546,16.017200981217883
normal,71,76.42676056338028,17.863240049622082
